{
    "norm_stats": {
        "actions": {
            "mean": [
                -3.8577872447061854e-05,
                8.107079313369221e-05,
                -1.218982583636136e-05,
                8.158626738503782e-06,
                -0.00015803771457210944,
                -0.00012923292820448564,
                -1.4569486250775696e-07
            ],
            "std": [
                0.0031688707636409945,
                0.004646272856423097,
                0.005062124899125955,
                0.004323803224090874,
                0.003255993097843927,
                0.004617490650128096,
                0.0015679115614870378
            ],
            "q01": [
                -0.006268399999999996,
                -0.011909399999999992,
                -0.013242400000000033,
                -0.011925799999999986,
                -0.008955599999999998,
                -0.01270859999999976,
                -0.0034883720930232176
            ],
            "q99": [
                0.0097722,
                0.012186799999999994,
                0.011545800000000024,
                0.012481400000000007,
                0.008786799999999994,
                0.011743599999999875,
                0.0034883720930232232
            ]
        },
        "state": {
            "mean": [
                -0.07184918769577761,
                0.07730343591028675,
                -0.8453481740383378,
                -0.23936928217015382,
                0.23989460907154514,
                3.2011148520235575,
                0.06970945530518223
            ],
            "std": [
                0.38489387007150533,
                0.3215233263901246,
                0.3162081536577948,
                0.5013329724266579,
                0.46252242494932994,
                0.3899221229244952,
                0.09956952106655378
            ],
            "q01": [
                -0.9860312,
                -0.6495744,
                -1.5419888,
                -1.3680092,
                -0.742336,
                2.2751836,
                0.011627906976744186
            ],
            "q99": [
                0.6873328,
                0.667867,
                -0.2354296000000001,
                0.7477777999999999,
                1.0947726,
                4.178243199999999,
                0.3853488372093019
            ]
        }
    }
}